Employee ID,Tax Reference,Department,Job Level,Location,Hire Date,Tenure (Months),Performance Rating,Manager ID,Status,Exit Date
DF-100255,DE93001785,Support,L5 - Manager,Munich,2025-04-03,9,3.0,DF-100676,Terminated,2025-08-22
DF-100023,DE93000161,Product,L4 - Lead,Hamburg,2023-12-03,25,2.0,DF-100030,Active,
DF-100189,DE93001323,Sales,L2 - Mid,Hamburg,2022-12-04,37,3.0,DF-100673,Active,
DF-100047,DE93000329,Engineering,L1 - Junior,Berlin,2018-06-06,91,,DF-100188,Active,
DF-100293,DE93002051,SALES,L2 - Mid,Remote-DE,2019-03-07,82,1.0,DF-100034,Active,
DF-100587,DE93004109,Support,L3 - Senior,Berlin,2023-11-03,26,3.0,DF-100054,Active,
DF-100555,DE93003885,Sales,L3 - Senior,Hamburg,2025-01-02,12,4.0,DF-100235,Active,
DF-100453,DE93003171,Customer Success,L6 - Director,Hamburg,2021-11-03,50,2.0,DF-100617,Active,
DF-100617,DE93004319,Customer Success,L4 - Lead,Remote-DE,2025-04-03,9,4.0,DF-100178,Terminated,2025-11-03
DF-100543,DE93003801,Support,L2 - Mid,Munich,2021-11-03,50,3.0,DF-100246,Active,
DF-100463,DE93003241,People/HR,L1 - Junior,Berlin,2024-06-03,19,5.0,DF-100564,Terminated,2025-04-17
DF-100464,DE93003248,Sales,L2 - Mid,London,2024-06-03,19,2.0,DF-100673,Terminated,2025-09-19
DF-100590,DE93004130,People/HR,L1 - Junior,Munich,2023-03-05,34,3.0,DF-100564,Active,
DF-100041,DE93000287,Support,L5 - Manager,Munich,2016-07-07,114,3.0,DF-100353,Active,
DF-100502,DE93003514,Engineering,L2 - Mid,Hamburg,2024-04-03,21,3.0,DF-100188,Active,
DF-100436,DE93003052,People/HR,L4 - Lead,Munich,2023-12-03,25,3.0,DF-100564,Active,
DF-100674,DE93004718,Sales,L2 - Mid,Munich,2024-02-02,23,5.0,DF-100350,Active,
DF-100273,DE93001911,Product,L3 - Senior,Berlin,2017-01-05,108,4.0,DF-100102,Active,
DF-100242,DE93001694,Sales,L1 - Junior,Remote-DE,2023-10-04,27,3.0,DF-100615,Active,
DF-100081,DE93000567,Engineering,L1 - Junior,Hamburg,2024-09-02,16,3.0,DF-100523,Active,
DF-100443,DE93003101,Data & Analytics,L1 - Junior,Munich,2024-07-03,18,4.0,DF-100545,Active,
DF-100568,DE93003976,Customer Success,L2 - Mid,Remote-DE,2019-04-06,81,4.0,DF-100453,Active,
DF-100649,DE93004543,Engineering,L2 - Mid,Munich,2025-07-03,6,3.0,DF-100523,Active,
DF-100101,DE93000707,Support,L2 - Mid,London,2021-03-05,58,5.0,DF-100594,Terminated,2025-07-16
DF-100065,DE93000455,Sales,L2 - Mid,Munich,2023-09-03,28,4.0,DF-100235,Active,
DF-100118,DE93000826,Data & Analytics,L1 - Junior,London,2025-06-03,7,4.0,DF-100088,Active,
DF-100537,DE93003759,Marketing,L3 - Senior,Munich,2024-03-04,22,5.0,DF-100621,Terminated,2025-05-09
DF-100059,DE93000413,Sales,L2 - Mid,Munich,2024-01-03,24,2.0,DF-100122,Terminated,2025-10-16
DF-100677,DE93004739,Engineering,L2 - Mid,Hamburg,2024-07-03,18,4.0,DF-100346,Active,
DF-100057,DE93000399,Engineering,L2 - Mid,Remote-DE,2019-06-06,79,4.0,DF-100132,Active,
DF-100019,DE93000133,Data & Analytics,L4 - Lead,Remote-DE,2023-11-03,26,3.0,DF-100545,Active,
DF-100430,DE93003010,Customer Success,L2 - Mid,Remote-DE,2022-04-04,45,4.0,DF-100035,Active,
DF-100060,DE93000420,Data & Analytics,L1 - Junior,Berlin,2025-07-03,6,5.0,DF-100233,Active,
DF-100173,DE93001211,Finance,L5 - Manager,Munich,2025-01-02,12,5.0,DF-100536,Active,
DF-100134,DE93000938,Customer Success,L1 - Junior,Remote-DE,2023-08-04,29,3.0,DF-100626,Active,
DF-100056,DE93000392,Engineering,L3 - Senior,Remote-DE,2021-07-05,54,4.0,DF-100132,Active,
DF-100392,DE93002744,Support,L2 - Mid,Berlin,2023-10-04,27,3.0,DF-100322,Terminated,2025-04-15
DF-100247,DE93001729,Data & Analytics,L1 - Junior,Munich,2025-07-03,6,5.0,DF-100233,Active,
DF-100180,DE93001260,Engineering,L1 - Junior,Hamburg,2023-03-05,34,3.0,DF-100052,Active,
DF-100394,DE93002758,Finance,L2 - Mid,Munich,2024-04-03,21,3.0,DF-100643,Terminated,2025-11-24
DF-100343,DE93002401,Support,L5 - Manager,Berlin,2024-02-02,23,3.0,DF-100041,Active,
DF-100117,DE93000819,Engineering,L3 - Senior,Lisbon,2022-09-03,40,4.0,DF-100523,Active,
DF-100306,DE93002142,Engineering,L2 - Mid,Hamburg,2022-10-04,39,4.0,DF-100188,Active,
DF-100161,DE93001127,Marketing,L1 - Junior,London,2018-02-04,95,3.0,DF-100600,Active,
DF-100504,DE93003528,Finance,L3 - Senior,Hamburg,2024-01-03,24,3.0,DF-100173,Active,
DF-100426,DE93002982,Customer Success,L1 - Junior,Munich,2021-12-04,49,4.0,DF-100388,Terminated,2025-07-05
DF-100314,DE93002198,Engineering,L2 - Mid,Berlin,2024-01-03,24,3.0,DF-100558,Active,
DF-100379,DE93002653,Data & Analytics,L4 - Lead,Munich,2024-06-03,19,2.0,DF-100019,Active,
DF-100066,DE93000462,Finance,L1 - Junior,Hamburg,2019-02-04,83,3.0,DF-100096,Terminated,2025-10-04
DF-100624,DE93004368,Operations,L1 - Junior,London,2022-09-03,40,3.0,DF-100612,Active,
DF-100301,DE93002107,Operations,L2 - Mid,Lisbon,2024-11-02,14,3.0,DF-100114,Active,
DF-100600,DE93004200,Marketing,L4 - Lead,Remote-DE,2024-06-03,19,1.0,DF-100331,Terminated,2025-04-12
DF-100670,DE93004690,Marketing,L1 - Junior,Berlin,2019-02-04,83,3.0,DF-100285,Terminated,2025-04-03
DF-100612,DE93004284,Operations,L6 - Director,Hamburg,2025-07-03,6,2.0,DF-100490,Active,
DF-100159,DE93001113,Marketing,L2 - Mid,Munich,2024-04-03,21,4.0,DF-100175,Active,
DF-100457,DE93003199,Marketing,L1 - Junior,Berlin,2024-06-03,19,3.0,DF-100291,Active,
DF-100035,DE93000245,Customer Success,L4 - Lead,Hamburg,2022-01-03,48,4.0,DF-100453,Terminated,2025-12-01
DF-100637,DE93004459,People/HR,L2 - Mid,Berlin,2021-10-04,51,4.0,DF-100418,Active,
DF-100092,DE93000644,Product,L1 - Junior,Remote-DE,2025-02-01,11,3.0,DF-100157,Active,
DF-100172,DE93001204,Finance,L3 - Senior,Munich,2023-10-04,27,3.0,DF-100120,Active,
DF-100286,DE93002002,Marketing,L3 - Senior,Remote-DE,2022-09-03,40,4.0,DF-100433,Active,
DF-100527,DE93003689,Customer Success,L1 - Junior,London,2018-05-07,92,3.0,DF-100178,Terminated,2024-12-10
DF-100427,DE93002989,Operations,L4 - Lead,Hamburg,2022-12-04,37,3.0,DF-100114,Terminated,2025-04-18
DF-100604,DE93004228,Engineering,L3 - Senior,Lisbon,2024-11-02,14,3.0,DF-100558,Terminated,2025-09-08
DF-100673,DE93004711,Sales,L5 - Manager,Berlin,2024-11-02,14,3.0,DF-100350,Active,
DF-100378,DE93002646,Engineering,L3 - Senior,London,2023-12-03,25,4.0,DF-100558,Active,
DF-100666,DE93004662,Operations,L2 - Mid,Remote-DE,2024-07-03,18,5.0,DF-100490,Active,
DF-100069,DE93000483,Customer Success,L3 - Senior,Lisbon,2021-10-04,51,3.0,DF-100178,Active,
DF-100467,DE93003269,Data & Analytics,L4 - Lead,Lisbon,2023-04-04,33,4.0,DF-100019,Active,
DF-100671,DE93004697,Engineering,L3 - Senior,Remote-DE,2016-12-06,109,3.0,DF-100346,Active,
DF-100013,DE93000091,Data & Analytics,L2 - Mid,Berlin,2022-12-04,37,4.0,DF-100442,Active,
DF-100104,DE93000728,Data & Analytics,L3 - Senior,Berlin,2025-09-02,4,2.0,DF-100627,Active,
DF-100544,DE93003808,Data & Analytics,L2 - Mid,Remote-DE,2025-08-02,5,3.0,DF-100467,Active,
DF-100455,DE93003185,Support,L3 - Senior,Remote-DE,2021-11-03,50,3.0,DF-100578,Active,
DF-100312,DE93002184,Sales,L2 - Mid,Munich,2012-08-08,161,5.0,DF-100350,Active,
DF-100494,DE93003458,Finance,L2 - Mid,Hamburg,2020-03-05,70,3.0,DF-100150,Active,
DF-100501,DE93003507,Sales,L3 - Senior,Munich,2023-03-05,34,4.0,DF-100248,Terminated,2024-09-23
DF-100268,DE93001876,People/HR,L3 - Senior,Remote-DE,2025-01-02,12,3.0,DF-100564,Active,
DF-100259,DE93001813,Customer Success,L3 - Senior,Berlin,2022-10-04,39,3.0,DF-100126,Active,
DF-100354,DE93002478,Customer Success,L1 - Junior,Berlin,2024-03-04,22,2.0,DF-100035,Terminated,2025-10-15
DF-100248,DE93001736,Sales,L4 - Lead,Munich,2024-02-02,23,4.0,DF-100673,Terminated,2025-09-09
DF-100658,DE93004606,People/HR,L4 - Lead,Munich,2024-03-04,22,3.0,DF-100129,Active,
DF-100305,DE93002135,Sales,L1 - Junior,Berlin,2021-03-05,58,3.0,DF-100367,Terminated,2025-07-11
DF-100201,DE93001407,Operations,L2 - Mid,Munich,2023-06-04,31,4.0,DF-100275,Active,
DF-100085,DE93000595,Customer Success,L2 - Mid,Munich,2018-05-07,92,3.0,DF-100626,Active,
DF-100661,DE93004627,People/HR,L2 - Mid,Hamburg,2023-08-04,29,4.0,DF-100564,Active,
DF-100119,DE93000833,Sales,L1 - Junior,London,2024-11-02,14,2.0,DF-100350,Active,
DF-100518,DE93003626,Sales,L2 - Mid,Remote-DE,2024-05-03,20,4.0,DF-100034,Active,
DF-100371,DE93002597,Support,L1 - Junior,Lisbon,2022-11-03,38,4.0,DF-100041,Active,
DF-100111,DE93000777,Operations,L1 - Junior,Munich,2019-08-06,77,5.0,DF-100490,Terminated,2025-10-21
DF-100383,DE93002681,Engineering,L1 - Junior,Remote-DE,2025-09-02,4,4.0,DF-100346,Active,
DF-100349,DE93002443,Customer Success,L4 - Lead,Hamburg,2021-02-03,59,4.0,DF-100388,Active,
DF-100667,DE93004669,Engineering,L1 - Junior,Munich,2020-07-05,66,3.0,DF-100558,Active,
DF-100257,DE93001799,Product,L6 - Director,Remote-DE,2020-10-04,63,3.0,DF-100470,Active,
DF-100241,DE93001687,Data & Analytics,L1 - Junior,Lisbon,2022-09-03,40,3.0,DF-100233,Active,
DF-100139,DE93000973,Customer Success,L2 - Mid,Berlin,2016-10-06,111,5.0,DF-100388,Active,
DF-100570,DE93003990,People/HR,L3 - Senior,London,2023-05-05,32,4.0,DF-100129,Active,
DF-100068,DE93000476,Support,L3 - Senior,London,2022-02-03,47,5.0,DF-100676,Active,
DF-100676,DE93004732,Support,L5 - Manager,Lisbon,2025-04-03,9,1.0,DF-100041,Active,
DF-100639,DE93004473,Support,L3 - Senior,Lisbon,2025-06-03,7,4.0,DF-100473,Active,
DF-100034,DE93000238,Sales,L6 - Director,Remote-DE,2023-09-03,28,1.0,DF-100095,Active,
DF-100599,DE93004193,Customer Success,L1 - Junior,Berlin,2020-07-05,66,4.0,DF-100617,Active,
DF-100399,DE93002793,Operations,L1 - Junior,Remote-DE,2025-01-02,12,3.0,DF-100123,Terminated,2025-10-23
DF-100432,DE93003024,People/HR,L2 - Mid,Hamburg,2022-07-05,42,3.0,DF-100129,Active,
DF-100373,DE93002611,Support,L6 - Director,Remote-DE,2024-08-03,17,2.0,DF-100343,Active,
DF-100386,DE93002702,Data & Analytics,L2 - Mid,Munich,2020-02-04,71,4.0,DF-100442,Active,
DF-100631,DE93004417,Data & Analytics,L1 - Junior,Hamburg,2025-04-03,9,3.0,DF-100548,Terminated,2025-10-01
DF-100339,DE93002373,Data & Analytics,L1 - Junior,Munich,2022-03-05,46,4.0,DF-100546,Active,
DF-100404,DE93002828,Support,L3 - Senior,Remote-DE,2025-04-03,9,2.0,DF-100041,Active,
DF-100442,DE93003094,Data & Analytics,L6 - Director,Hamburg,2024-11-02,14,3.0,DF-100467,Active,
DF-100120,DE93000840,Finance,L4 - Lead,Hamburg,2022-06-04,43,4.0,DF-100513,Active,
DF-100493,DE93003451,Sales,L1 - Junior,Berlin,2022-04-04,45,3.0,DF-100235,Terminated,2025-06-11
DF-100000,DE93000000,Finance,L2 - Mid,Lisbon,2023-01-03,36,3.0,DF-100536,Terminated,2024-07-22
DF-100195,DE93001365,Support,L3 - Senior,Munich,2023-01-03,36,5.0,DF-100405,Terminated,2025-12-01
DF-100132,DE93000924,Engineering,L6 - Director,Berlin,2022-02-03,47,4.0,DF-100523,Active,
DF-100107,DE93000749,Engineering,L3 - Senior,Berlin,2025-06-03,7,3.0,DF-100346,Active,
DF-100017,DE93000119,Data & Analytics,L5 - Manager,Hamburg,2023-12-03,25,4.0,DF-100546,Active,
DF-100016,DE93000112,People/HR,L3 - Senior,Lisbon,2022-10-04,39,4.0,DF-100129,Active,
DF-100233,DE93001631,Data & Analytics,L5 - Manager,Remote-DE,2022-03-05,46,5.0,DF-100545,Active,
DF-100415,DE93002905,Operations,L1 - Junior,Hamburg,2023-03-05,34,5.0,DF-100611,Active,
DF-100082,DE93000574,People/HR,L3 - Senior,Remote-DE,2023-01-03,36,2.0,DF-100564,Terminated,2025-05-06
DF-100347,DE93002429,Operations,L1 - Junior,Munich,2020-09-04,64,2.0,DF-100275,Active,
DF-100148,DE93001036,Data & Analytics,L1 - Junior,Lisbon,2023-04-04,33,3.0,DF-100548,Active,
DF-100447,DE93003129,Support,L3 - Senior,Berlin,2024-12-02,13,3.0,DF-100405,Active,
DF-100531,DE93003717,Product,L4 - Lead,Munich,2017-05-07,104,3.0,DF-100030,Active,
DF-100657,DE93004599,Product,L5 - Manager,Remote-DE,2023-02-02,35,4.0,DF-100157,Active,
DF-100335,DE93002345,Sales,L1 - Junior,Hamburg,2025-03-03,10,4.0,DF-100235,Active,
DF-100045,DE93000315,Engineering,L2 - Mid,Hamburg,2023-11-03,26,2.0,DF-100523,Active,
DF-100181,DE93001267,Sales,L2 - Mid,Munich,2020-10-04,63,4.0,DF-100034,Active,
DF-100539,DE93003773,Product,L1 - Junior,Lisbon,2018-04-06,93,4.0,DF-100352,Active,
DF-100329,DE93002303,Sales,L1 - Junior,Remote-DE,2021-09-04,52,3.0,DF-100615,Active,
DF-100011,DE93000077,Sales,L1 - Junior,Berlin,2025-01-02,12,3.0,DF-100524,Active,
DF-100088,DE93000616,Data & Analytics,L5 - Manager,Berlin,2023-10-04,27,2.0,DF-100147,Active,
DF-100361,DE93002527,Operations,L2 - Mid,Hamburg,2024-07-03,18,4.0,DF-100611,Active,
DF-100358,DE93002506,Data & Analytics,L1 - Junior,Lisbon,2023-04-04,33,3.0,DF-100019,Active,
DF-100374,DE93002618,Product,L1 - Junior,Berlin,2021-04-05,57,5.0,DF-100102,Active,
DF-100260,DE93001820,Support,L1 - Junior,Remote-DE,2024-12-02,13,5.0,DF-100578,Terminated,2025-11-20
DF-100558,DE93003906,Engineering,L5 - Manager,Lisbon,2024-06-03,19,5.0,DF-100581,Active,
DF-100589,DE93004123,Sales,L1 - Junior,Hamburg,2018-10-06,87,2.0,DF-100350,Active,
DF-100121,DE93000847,Sales,L3 - Senior,Munich,2023-07-04,30,5.0,DF-100615,Active,
DF-100049,DE93000343,Sales,L2 - Mid,Remote-DE,2024-08-03,17,4.0,DF-100673,Active,
DF-100483,DE93003381,Product,L1 - Junior,London,2024-07-03,18,5.0,DF-100075,Active,
DF-100333,DE93002331,Support,L1 - Junior,Lisbon,2021-02-03,59,3.0,DF-100054,Active,
DF-100428,DE93002996,Product,L2 - Mid,London,2024-05-03,20,3.0,DF-100075,Active,
DF-100318,DE93002226,People/HR,L2 - Mid,London,2025-02-01,11,4.0,DF-100418,Active,
DF-100363,DE93002541,Data & Analytics,L3 - Senior,Lisbon,2021-06-04,55,4.0,DF-100627,Active,
DF-100509,DE93003563,People/HR,L1 - Junior,London,2022-11-03,38,2.0,DF-100564,Active,
DF-100618,DE93004326,People/HR,L2 - Mid,Remote-DE,2023-12-03,25,3.0,DF-100140,Active,
DF-100560,DE93003920,Finance,L1 - Junior,Munich,2023-10-04,27,4.0,DF-100173,Active,
DF-100116,DE93000812,Support,L3 - Senior,Munich,2024-05-03,20,4.0,DF-100676,Active,
DF-100484,DE93003388,Product,L2 - Mid,Hamburg,2021-10-04,51,5.0,DF-100075,Active,
DF-100533,DE93003731,Marketing,L1 - Junior,London,2022-11-03,38,5.0,DF-100285,Terminated,2025-06-09
DF-100433,DE93003031,Marketing,L4 - Lead,Munich,2023-05-05,32,5.0,DF-100621,Active,
DF-100310,DE93002170,Operations,L2 - Mid,Berlin,2021-07-05,54,3.0,DF-100123,Active,
DF-100474,DE93003318,Operations,L2 - Mid,Munich,2023-01-03,36,5.0,DF-100156,Active,
DF-100207,DE93001449,Data & Analytics,L2 - Mid,Berlin,2022-09-03,40,3.0,DF-100442,Active,
DF-100614,DE93004298,Support,L2 - Mid,Hamburg,2023-12-03,25,4.0,DF-100246,Active,
DF-100452,DE93003164,Sales,L1 - Junior,Lisbon,2022-06-04,43,3.0,DF-100095,Active,
DF-100062,DE93000434,People/HR,L2 - Mid,Remote-DE,2021-10-04,51,3.0,DF-100564,Active,
DF-100535,DE93003745,Engineering,L2 - Mid,Lisbon,2024-09-02,16,4.0,DF-100558,Active,
DF-100223,DE93001561,Support,L2 - Mid,Berlin,2025-03-03,10,3.0,DF-100473,Active,
DF-100135,DE93000945,Sales,L2 - Mid,Lisbon,2021-01-03,60,3.0,DF-100524,Active,
DF-100385,DE93002695,Finance,L1 - Junior,Remote-DE,2024-01-03,24,2.0,DF-100536,Active,
DF-100582,DE93004074,Marketing,L3 - Senior,Munich,2020-03-05,70,1.0,DF-100331,Active,
DF-100353,DE93002471,Support,L6 - Director,Lisbon,2023-03-05,34,2.0,DF-100103,Active,
DF-100345,DE93002415,Sales,L2 - Mid,Hamburg,2024-10-02,15,3.0,DF-100367,Terminated,2025-09-06
DF-100334,DE93002338,Engineering,L3 - Senior,Hamburg,2022-08-04,41,3.0,DF-100523,Active,
DF-100331,DE93002317,Marketing,L6 - Director,London,2021-07-05,54,3.0,DF-100291,Active,
DF-100090,DE93000630,Product,L3 - Senior,London,2023-11-03,26,3.0,DF-100531,Active,
DF-100550,DE93003850,Engineering,L1 - Junior,Lisbon,2020-06-05,67,3.0,DF-100251,Active,
DF-100029,DE93000203,Support,L2 - Mid,Remote-DE,2020-02-04,71,5.0,DF-100255,Active,
DF-100419,DE93002933,Marketing,L4 - Lead,Hamburg,2023-11-03,26,3.0,DF-100433,Active,
DF-100487,DE93003409,Support,L3 - Senior,Munich,2022-05-05,44,2.0,DF-100676,Terminated,2024-09-13
DF-100224,DE93001568,Product,L2 - Mid,Hamburg,2022-07-05,42,4.0,DF-100170,Active,
DF-100351,DE93002457,Engineering,L2 - Mid,Hamburg,2021-02-03,59,4.0,DF-100132,Terminated,2024-12-02
DF-100629,DE93004403,Support,L1 - Junior,Munich,2023-06-04,31,5.0,DF-100594,Terminated,2025-04-26
DF-100185,DE93001295,Sales,L1 - Junior,Remote-DE,2020-12-04,61,3.0,DF-100673,Terminated,2024-09-16
DF-100417,DE93002919,People/HR,L1 - Junior,Munich,2022-02-03,47,2.0,DF-100026,Active,
DF-100459,DE93003213,Support,L2 - Mid,Hamburg,2024-01-03,24,4.0,DF-100255,Active,
DF-100648,DE93004536,People/HR,L3 - Senior,Berlin,2019-12-05,73,3.0,DF-100140,Active,
DF-100160,DE93001120,Support,L1 - Junior,Remote-DE,2024-12-02,13,3.0,DF-100373,Active,
DF-100608,DE93004256,Finance,L2 - Mid,Lisbon,2024-04-03,21,3.0,DF-100150,Active,
DF-100285,DE93001995,Marketing,L5 - Manager,Lisbon,2023-03-05,34,3.0,DF-100433,Active,
DF-100103,DE93000721,Support,L4 - Lead,Munich,2023-10-04,27,4.0,DF-100246,Terminated,2025-06-19
DF-100593,DE93004151,Sales,L1 - Junior,London,2025-10-02,3,3.0,DF-100235,Terminated,2025-12-06
DF-100245,DE93001715,People/HR,L3 - Senior,Remote-DE,2021-02-03,59,3.0,DF-100026,Active,
DF-100488,DE93003416,Engineering,L3 - Senior,Munich,2023-01-03,36,5.0,DF-100052,Active,
DF-100165,DE93001155,Data & Analytics,L2 - Mid,Hamburg,2020-11-04,62,5.0,DF-100379,Active,
DF-100611,DE93004277,Operations,L4 - Lead,Remote-DE,2024-05-03,20,3.0,DF-100490,Terminated,2025-04-22
DF-100080,DE93000560,Support,L2 - Mid,Munich,2023-05-05,32,5.0,DF-100255,Active,
DF-100289,DE93002023,Support,L2 - Mid,London,2021-02-03,59,4.0,DF-100322,Active,
DF-100406,DE93002842,Data & Analytics,L3 - Senior,Hamburg,2019-04-06,81,4.0,DF-100442,Active,
DF-100003,DE93000021,Sales,L2 - Mid,Munich,2021-09-04,52,4.0,DF-100350,Active,
DF-100512,DE93003584,People/HR,L3 - Senior,Lisbon,2021-10-04,51,4.0,DF-100436,Active,
DF-100009,DE93000063,Marketing,L1 - Junior,Lisbon,2023-09-03,28,3.0,DF-100600,Active,
DF-100411,DE93002877,Operations,L3 - Senior,Remote-DE,2021-04-05,57,4.0,DF-100182,Active,
DF-100529,DE93003703,Customer Success,L1 - Junior,Remote-DE,2019-05-06,80,5.0,DF-100453,Active,
DF-100277,DE93001939,Marketing,L3 - Senior,Berlin,2022-11-03,38,3.0,DF-100079,Active,
DF-100523,DE93003661,Engineering,L4 - Lead,Remote-DE,2010-05-10,188,4.0,DF-100346,Active,
DF-100179,DE93001253,Engineering,L2 - Mid,Munich,2023-11-03,26,4.0,DF-100581,Active,
DF-100375,DE93002625,Product,L1 - Junior,Munich,2019-01-05,84,3.0,DF-100528,Terminated,2025-12-02
DF-100615,DE93004305,Sales,L4 - Lead,Lisbon,2025-08-02,5,2.0,DF-100673,Active,
DF-100218,DE93001526,Support,L3 - Senior,Remote-DE,2024-09-02,16,4.0,DF-100676,Active,
DF-100458,DE93003206,Operations,L6 - Director,Hamburg,2018-04-06,93,4.0,DF-100427,Active,
DF-100304,DE93002128,Customer Success,L1 - Junior,Hamburg,2021-05-05,56,4.0,DF-100617,Terminated,2025-03-20
DF-100307,DE93002149,Sales,L3 - Senior,London,2024-04-03,21,4.0,DF-100034,Active,
DF-100481,DE93003367,Finance,L1 - Junior,Munich,2023-06-04,31,,DF-100536,Active,
DF-100197,DE93001379,Engineering,L1 - Junior,Lisbon,2024-12-02,13,3.0,DF-100581,Active,
DF-100040,DE93000280,Product,L6 - Director,Berlin,2022-06-04,43,4.0,DF-100528,Active,
DF-100565,DE93003955,People/HR,L1 - Junior,Remote-DE,2022-10-04,39,3.0,DF-100658,Terminated,2025-04-13
DF-100005,DE93000035,Support,L1 - Junior,Munich,2023-11-03,26,3.0,DF-100296,Active,
DF-100261,DE93001827,Support,L2 - Mid,Hamburg,2025-10-02,3,3.0,DF-100296,Active,
DF-100214,DE93001498,Finance,L1 - Junior,Remote-DE,2018-09-05,88,3.0,DF-100643,Active,
DF-100355,DE93002485,Product,L2 - Mid,Remote-DE,2025-04-03,9,3.0,DF-100102,Active,
DF-100350,DE93002450,Sales,L5 - Manager,Munich,2023-07-04,30,3.0,DF-100615,Active,
DF-100038,DE93000266,Operations,L3 - Senior,Remote-DE,2023-02-02,35,3.0,DF-100611,Active,
DF-100311,DE93002177,Customer Success,L3 - Senior,Munich,2023-12-03,25,4.0,DF-100126,Terminated,2024-12-24
DF-100579,DE93004053,Marketing,L6 - Director,Lisbon,2014-01-07,144,3.0,DF-100265,Active,
DF-100262,DE93001834,Sales,L2 - Mid,London,2022-02-03,47,3.0,DF-100122,Active,
DF-100646,DE93004522,Product,L6 - Director,Hamburg,2013-10-08,147,3.0,DF-100102,Active,
DF-100346,DE93002422,Engineering,L5 - Manager,Munich,2021-07-05,54,4.0,DF-100558,Active,
DF-100162,DE93001134,Support,L3 - Senior,Munich,2021-08-04,53,3.0,DF-100353,Terminated,2025-01-04
DF-100067,DE93000469,Marketing,L1 - Junior,Munich,2021-05-05,56,3.0,DF-100175,Active,
DF-100124,DE93000868,Product,L2 - Mid,Lisbon,2020-12-04,61,3.0,DF-100352,Active,
DF-100039,DE93000273,Data & Analytics,L3 - Senior,Lisbon,2022-03-05,46,2.0,DF-100019,Active,
DF-100004,DE93000028,Sales,L2 - Mid,Remote-DE,2022-08-04,41,3.0,DF-100235,Active,
DF-100033,DE93000231,Sales,L1 - Junior,Munich,2019-01-05,84,3.0,DF-100615,Terminated,2025-11-10
DF-100584,DE93004088,Marketing,L4 - Lead,Hamburg,2024-01-03,24,3.0,DF-100291,Active,
DF-100147,DE93001029,Data & Analytics,L4 - Lead,Hamburg,2021-05-05,56,4.0,DF-100619,Active,
DF-100412,DE93002884,Customer Success,L2 - Mid,Hamburg,2023-02-02,35,5.0,DF-100035,Active,
DF-100460,DE93003220,Engineering,L2 - Mid,Munich,2025-05-03,8,5.0,DF-100346,Active,
DF-100602,DE93004214,Finance,L2 - Mid,Remote-DE,2021-11-03,50,3.0,DF-100173,Active,
DF-100495,DE93003465,Support,L3 - Senior,Remote-DE,2021-10-04,51,3.0,DF-100296,Active,
DF-100397,DE93002779,Support,L1 - Junior,London,2023-09-03,28,2.0,DF-100296,Terminated,2025-07-24
DF-100506,DE93003542,Marketing,L1 - Junior,Lisbon,2025-10-02,3,5.0,DF-100291,Active,
DF-100031,DE93000217,Product,L2 - Mid,Remote-DE,2022-05-05,44,2.0,DF-100531,Active,
DF-100236,DE93001652,Operations,L2 - Mid,Remote-DE,2023-06-04,31,4.0,DF-100679,Terminated,2024-11-11
DF-100410,DE93002870,Customer Success,L3 - Senior,Munich,2024-07-03,18,5.0,DF-100626,Active,
DF-100446,DE93003122,Product,L2 - Mid,Hamburg,2022-09-03,40,4.0,DF-100352,Active,
DF-100553,DE93003871,Finance,L1 - Junior,Munich,2024-07-03,18,3.0,DF-100120,Active,
DF-100095,DE93000665,Sales,L5 - Manager,Lisbon,2023-01-03,36,,DF-100673,Active,
DF-100337,DE93002359,Engineering,L3 - Senior,Lisbon,2024-06-03,19,2.0,DF-100558,Active,
DF-100423,DE93002961,Data & Analytics,L1 - Junior,London,2024-11-02,14,3.0,DF-100379,Active,
DF-100187,DE93001309,Operations,L3 - Senior,Remote-DE,2022-09-03,40,4.0,DF-100356,Terminated,2024-09-19
DF-100274,DE93001918,Support,L1 - Junior,Hamburg,2023-01-03,36,3.0,DF-100405,Terminated,2025-08-23
DF-100146,DE93001022,Customer Success,L2 - Mid,London,2023-10-04,27,,DF-100626,Terminated,2025-06-09
DF-100554,DE93003878,Customer Success,L2 - Mid,Munich,2020-05-05,68,4.0,DF-100626,Terminated,2025-12-10
DF-100074,DE93000518,Operations,L2 - Mid,Berlin,2024-03-04,22,4.0,DF-100458,Active,
DF-100628,DE93004396,People/HR,L1 - Junior,Hamburg,2023-04-04,33,5.0,DF-100072,Active,
DF-100402,DE93002814,Customer Success,L1 - Junior,Hamburg,2019-10-05,75,2.0,DF-100453,Terminated,2024-08-22
DF-100061,DE93000427,Data & Analytics,L2 - Mid,Lisbon,2022-09-03,40,2.0,DF-100546,Terminated,2024-10-07
DF-100664,DE93004648,Finance,L3 - Senior,Remote-DE,2018-04-06,93,5.0,DF-100150,Active,
DF-100299,DE93002093,Customer Success,L3 - Senior,Remote-DE,2025-03-03,10,4.0,DF-100617,Terminated,2025-08-28
DF-100076,DE93000532,Marketing,L3 - Senior,Remote-DE,2024-09-02,16,1.0,DF-100419,Active,
DF-100323,DE93002261,Finance,L3 - Senior,Remote-DE,2024-05-03,20,3.0,DF-100536,Active,
DF-100654,DE93004578,Customer Success,L2 - Mid,Munich,2018-07-06,90,3.0,DF-100178,Terminated,2024-09-23
DF-100186,DE93001302,People/HR,L2 - Mid,Munich,2025-02-01,11,4.0,DF-100564,Terminated,2025-09-26
DF-100362,DE93002534,People/HR,L2 - Mid,Lisbon,2024-12-02,13,4.0,DF-100026,Active,
DF-100613,DE93004291,Data & Analytics,L5 - Manager,Munich,2023-11-03,26,4.0,DF-100467,Active,
DF-100435,DE93003045,Support,L2 - Mid,Remote-DE,2012-05-09,164,3.0,DF-100343,Terminated,2025-10-30
DF-100200,DE93001400,Customer Success,L3 - Senior,Hamburg,2024-02-02,23,4.0,DF-100617,Active,
DF-100647,DE93004529,People/HR,L2 - Mid,Hamburg,2022-05-05,44,3.0,DF-100072,Active,
DF-100078,DE93000546,Customer Success,L1 - Junior,Hamburg,2022-04-04,45,2.0,DF-100178,Terminated,2025-06-08
DF-100482,DE93003374,Sales,L2 - Mid,Remote-DE,2023-01-03,36,3.0,DF-100524,Active,
DF-100042,DE93000294,Support,L3 - Senior,Berlin,2025-01-02,12,3.0,DF-100373,Terminated,2025-11-28
DF-100133,DE93000931,People/HR,L3 - Senior,Hamburg,2024-09-02,16,4.0,DF-100418,Active,
DF-100642,DE93004494,Sales,L1 - Junior,Berlin,2024-01-03,24,3.0,DF-100122,Active,
DF-100552,DE93003864,Sales,L1 - Junior,Berlin,2021-06-04,55,4.0,DF-100350,Active,
DF-100250,DE93001750,People/HR,L3 - Senior,Munich,2020-06-05,67,4.0,DF-100418,Terminated,2025-08-25
DF-100573,DE93004011,Customer Success,L1 - Junior,Berlin,2024-11-02,14,2.0,DF-100617,Terminated,2025-09-28
DF-100360,DE93002520,Support,L2 - Mid,Munich,2023-05-05,32,2.0,DF-100373,Active,
DF-100517,DE93003619,Finance,L2 - Mid,London,2023-11-03,26,4.0,DF-100194,Active,
DF-100192,DE93001344,Sales,L1 - Junior,Berlin,2023-02-02,35,3.0,DF-100350,Active,
DF-100421,DE93002947,Sales,L3 - Senior,Berlin,2022-11-03,38,4.0,DF-100367,Active,
DF-100630,DE93004410,Data & Analytics,L2 - Mid,Berlin,2023-09-03,28,1.0,DF-100619,Active,
DF-100652,DE93004564,Marketing,L1 - Junior,Lisbon,2023-05-05,32,2.0,DF-100265,Terminated,2024-11-23
DF-100660,DE93004620,Engineering,L3 - Senior,Berlin,2022-11-03,38,4.0,DF-100251,Active,
DF-100368,DE93002576,Finance,L4 - Lead,Hamburg,2021-11-03,50,4.0,DF-100194,Terminated,2025-08-27
DF-100414,DE93002898,Engineering,L2 - Mid,Remote-DE,2023-04-04,33,5.0,DF-100052,Active,
DF-100157,DE93001099,Product,L4 - Lead,Remote-DE,2023-05-05,32,3.0,DF-100657,Active,
DF-100526,DE93003682,Product,L4 - Lead,Munich,2024-09-02,16,4.0,DF-100470,Terminated,2025-11-16
DF-100425,DE93002975,Operations,L2 - Mid,Berlin,2020-09-04,64,1.0,DF-100458,Active,
DF-100653,DE93004571,Finance,L1 - Junior,Hamburg,2014-05-08,140,5.0,DF-100096,Terminated,2024-08-20
DF-100510,DE93003570,Support,L3 - Senior,Remote-DE,2022-05-05,44,2.0,DF-100322,Terminated,2025-10-20
DF-100102,DE93000714,Product,L4 - Lead,Munich,2022-04-04,45,1.0,DF-100352,Active,
DF-100052,DE93000364,Engineering,L5 - Manager,Berlin,2022-09-03,40,4.0,DF-100581,Terminated,2024-09-10
DF-100441,DE93003087,Engineering,L3 - Senior,Lisbon,2024-02-02,23,4.0,DF-100581,Active,
DF-100382,DE93002674,  engineering ,L2 - Mid,Remote-DE,2023-12-03,25,2.0,DF-100558,Active,
DF-100328,DE93002296,Data & Analytics,L1 - Junior,Remote-DE,2019-05-06,80,4.0,DF-100545,Active,
DF-100097,DE93000679,Support,L2 - Mid,Munich,2023-05-05,32,2.0,DF-100578,Active,
DF-100365,DE93002555,Engineering,L1 - Junior,Munich,2022-09-03,40,4.0,DF-100581,Terminated,2025-03-17
DF-100128,DE93000896,Engineering,L1 - Junior,Munich,2021-09-04,52,4.0,DF-100132,Active,
DF-100177,DE93001239,Operations,L1 - Junior,Munich,2016-11-05,110,4.0,DF-100152,Active,
DF-100110,DE93000770,Product,L1 - Junior,Lisbon,2015-07-08,126,5.0,DF-100352,Active,
DF-100545,DE93003815,Data & Analytics,L4 - Lead,London,2023-06-04,31,3.0,DF-100546,Terminated,2025-03-19
DF-100520,DE93003640,People/HR,L3 - Senior,Munich,2017-09-05,100,3.0,DF-100026,Active,
DF-100557,DE93003899,Sales,L1 - Junior,Berlin,2022-10-04,39,3.0,DF-100248,Active,
DF-100473,DE93003311,Support,L6 - Director,Hamburg,2025-07-03,6,4.0,DF-100054,Active,
DF-100142,DE93000994,Product,L3 - Senior,London,2022-12-04,37,4.0,DF-100528,Active,
DF-100546,DE93003822,Data & Analytics,L5 - Manager,Berlin,2019-09-05,76,4.0,DF-100619,Active,
DF-100006,DE93000042,Engineering,L2 - Mid,Munich,2024-10-02,15,3.0,DF-100052,Terminated,2025-07-13
DF-100267,DE93001869,Finance,L3 - Senior,Hamburg,2024-07-03,18,3.0,DF-100513,Active,
DF-100525,DE93003675,Support,L1 - Junior,Remote-DE,2021-02-03,59,3.0,DF-100578,Active,
DF-100237,DE93001659,People/HR,L1 - Junior,Remote-DE,2024-01-03,24,3.0,DF-100564,Active,
DF-100396,DE93002772,Data & Analytics,L2 - Mid,Hamburg,2023-10-04,27,3.0,DF-100036,Active,
DF-100058,DE93000406,Sales,L3 - Senior,Hamburg,2021-12-04,49,5.0,DF-100248,Active,
DF-100232,DE93001624,Finance,L2 - Mid,London,2019-03-07,82,5.0,DF-100096,Active,
DF-100620,DE93004340,Support,L1 - Junior,Hamburg,2016-07-07,114,4.0,DF-100322,Terminated,2024-08-16
DF-100556,DE93003892,Product,L2 - Mid,Munich,2025-04-03,9,3.0,DF-100528,Terminated,2025-11-10
DF-100203,DE93001421,Marketing,L1 - Junior,Munich,2023-11-03,26,3.0,DF-100600,Active,
DF-100445,DE93003115,Sales,L3 - Senior,Munich,2025-01-02,12,3.0,DF-100524,Active,
DF-100284,DE93001988,Data & Analytics,L1 - Junior,Munich,2022-11-03,38,5.0,DF-100613,Active,
DF-100364,DE93002548,Support,L1 - Junior,Berlin,2024-10-02,15,4.0,DF-100103,Active,
DF-100002,DE93000014,Operations,L4 - Lead,London,2022-05-05,44,3.0,DF-100611,Active,
DF-100341,DE93002387,Support,L2 - Mid,Munich,2025-06-03,7,4.0,DF-100405,Active,
DF-100217,DE93001519,Support,L2 - Mid,London,2022-08-04,41,3.0,DF-100255,Active,
DF-100046,DE93000322,Support,L1 - Junior,Hamburg,2024-04-03,21,4.0,DF-100054,Active,
DF-100225,DE93001575,Support,L3 - Senior,Munich,2023-05-05,32,3.0,DF-100676,Active,
DF-100018,DE93000126,Operations,L2 - Mid,Munich,2021-09-04,52,4.0,DF-100275,Active,
DF-100168,DE93001176,Customer Success,L1 - Junior,London,2024-05-03,20,2.0,DF-100178,Terminated,2025-05-05
DF-100472,DE93003304,Data & Analytics,L1 - Junior,London,2024-12-02,13,4.0,DF-100467,Active,
DF-100292,DE93002044,Sales,L1 - Junior,Remote-DE,2024-04-03,21,2.0,DF-100673,Active,
DF-100480,DE93003360,Support,L3 - Senior,Hamburg,2021-05-05,56,3.0,DF-100473,Active,
DF-100566,DE93003962,Customer Success,L3 - Senior,Hamburg,2020-08-04,65,3.0,DF-100035,Active,
DF-100511,DE93003577,Marketing,L1 - Junior,Munich,2022-12-04,37,3.0,DF-100175,Active,
DF-100283,DE93001981,Engineering,L2 - Mid,Lisbon,2022-10-04,39,2.0,DF-100052,Terminated,2025-01-24
DF-100522,DE93003654,Support,L2 - Mid,Lisbon,2022-06-04,43,3.0,DF-100373,Active,
DF-100507,DE93003549,Product,L2 - Mid,London,2022-07-05,42,2.0,DF-100657,Active,
DF-100352,DE93002464,Product,L4 - Lead,Munich,2022-05-05,44,2.0,DF-100470,Active,
DF-100093,DE93000651,Support,L1 - Junior,Hamburg,2022-08-04,41,5.0,DF-100594,Active,
DF-100213,DE93001491,Engineering,L3 - Senior,Lisbon,2021-06-04,55,5.0,DF-100188,Active,
DF-100258,DE93001806,Operations,L1 - Junior,Lisbon,2021-12-04,49,2.0,DF-100679,Active,
DF-100291,DE93002037,Marketing,L5 - Manager,Munich,2020-08-04,65,3.0,DF-100419,Active,
DF-100400,DE93002800,Support,L3 - Senior,Hamburg,2024-06-03,19,4.0,DF-100405,Active,
DF-100106,DE93000742,People/HR,L1 - Junior,Hamburg,2024-11-02,14,1.0,DF-100140,Active,
DF-100115,DE93000805,Sales,L1 - Junior,Munich,2024-02-02,23,5.0,DF-100350,Active,
DF-100538,DE93003766,People/HR,L1 - Junior,Lisbon,2016-12-06,109,3.0,DF-100072,Active,
DF-100675,DE93004725,Sales,L2 - Mid,Lisbon,2025-08-02,5,1.0,DF-100235,Terminated,2025-11-18
DF-100521,DE93003647,Sales,L3 - Senior,Berlin,2020-03-05,70,3.0,DF-100235,Terminated,2025-08-26
DF-100036,DE93000252,Data & Analytics,L4 - Lead,Munich,2022-01-03,48,3.0,DF-100548,Active,
DF-100429,DE93003003,Support,L2 - Mid,Remote-DE,2022-06-04,43,3.0,DF-100405,Active,
DF-100372,DE93002604,Data & Analytics,L1 - Junior,Berlin,2024-08-03,17,3.0,DF-100467,Active,
DF-100204,DE93001428,Sales,L1 - Junior,Remote-DE,2024-11-02,14,3.0,DF-100673,Active,
DF-100244,DE93001708,Finance,L1 - Junior,Munich,2025-08-02,5,4.0,DF-100120,Terminated,2025-12-14
DF-100221,DE93001547,Sales,L3 - Senior,London,2023-07-04,30,3.0,DF-100673,Active,
DF-100246,DE93001722,Support,L4 - Lead,Lisbon,2021-07-05,54,3.0,DF-100594,Active,
DF-100408,DE93002856,Support,L2 - Mid,Lisbon,2022-08-04,41,2.0,DF-100041,Active,
DF-100438,DE93003066,Product,L3 - Senior,Munich,2020-03-05,70,5.0,DF-100528,Active,
DF-100479,DE93003353,Product,L5 - Manager,Lisbon,2021-03-05,58,4.0,DF-100526,Active,
DF-100249,DE93001743,Operations,L2 - Mid,Munich,2020-08-04,65,2.0,DF-100458,Active,
DF-100122,DE93000854,Sales,L4 - Lead,Lisbon,2023-09-03,28,3.0,DF-100367,Terminated,2024-11-17
DF-100575,DE93004025,Customer Success,L2 - Mid,Lisbon,2014-01-07,144,4.0,DF-100178,Terminated,2025-04-24
DF-100164,DE93001148,Support,L2 - Mid,Remote-DE,2022-03-05,46,5.0,DF-100296,Active,
DF-100577,DE93004039,Customer Success,L3 - Senior,Hamburg,2024-12-02,13,3.0,DF-100453,Terminated,2025-06-21
DF-100549,DE93003843,Finance,L2 - Mid,Lisbon,2025-04-03,9,3.0,DF-100173,Active,
DF-100559,DE93003913,Support,L1 - Junior,Berlin,2022-12-04,37,2.0,DF-100594,Terminated,2025-12-15
DF-100239,DE93001673,Data & Analytics,L2 - Mid,Lisbon,2020-01-05,72,4.0,DF-100545,Active,
DF-100083,DE93000581,People/HR,L1 - Junior,Hamburg,2021-12-04,49,4.0,DF-100658,Terminated,2024-10-11
DF-100434,DE93003038,Data & Analytics,L3 - Senior,Remote-DE,2021-02-03,59,4.0,DF-100545,Active,
DF-100295,DE93002065,Support,L2 - Mid,Munich,2022-09-03,40,4.0,DF-100296,Active,
DF-100571,DE93003997,Sales,L1 - Junior,Remote-DE,2025-03-03,10,1.0,DF-100235,Active,
DF-100070,DE93000490,Engineering,L1 - Junior,Hamburg,2018-03-07,94,4.0,DF-100132,Active,
DF-100409,DE93002863,Support,L3 - Senior,London,2023-05-05,32,3.0,DF-100103,Terminated,2025-06-15
DF-100377,DE93002639,Product,L1 - Junior,Hamburg,2020-08-04,65,5.0,DF-100498,Active,
DF-100098,DE93000686,Finance,L1 - Junior,Hamburg,2019-08-06,77,2.0,DF-100513,Active,
DF-100395,DE93002765,Product,L1 - Junior,Hamburg,2021-12-04,49,4.0,DF-100170,Active,
DF-100625,DE93004375,Operations,L2 - Mid,London,2020-02-04,71,4.0,DF-100308,Active,
DF-100359,DE93002513,Data & Analytics,L2 - Mid,Lisbon,2022-11-03,38,3.0,DF-100545,Active,
DF-100030,DE93000210,Product,L5 - Manager,London,2024-11-02,14,4.0,DF-100023,Active,
DF-100340,DE93002380,Support,L1 - Junior,Remote-DE,2022-09-03,40,4.0,DF-100594,Active,
DF-100465,DE93003255,Operations,L1 - Junior,Munich,2022-08-04,41,1.0,DF-100356,Terminated,2025-02-26
DF-100127,DE93000889,Finance,L2 - Mid,Lisbon,2021-11-03,50,3.0,DF-100643,Active,
DF-100567,DE93003969,Data & Analytics,L3 - Senior,Lisbon,2023-07-04,30,3.0,DF-100546,Terminated,2025-08-24
DF-100001,DE93000007,Operations,L3 - Senior,London,2024-10-02,15,3.0,DF-100152,Active,
DF-100388,DE93002716,Customer Success,L4 - Lead,Munich,2022-03-05,46,3.0,DF-100626,Terminated,2025-12-05
DF-100027,DE93000189,Sales,L3 - Senior,Hamburg,2018-01-05,96,3.0,DF-100248,Terminated,2024-08-28
DF-100089,DE93000623,Support,L2 - Mid,Lisbon,2024-01-03,24,3.0,DF-100578,Terminated,2025-11-06
DF-100308,DE93002156,Operations,L5 - Manager,Munich,2023-06-04,31,4.0,DF-100458,Active,
DF-100073,DE93000511,Support,L1 - Junior,Lisbon,2022-07-05,42,4.0,DF-100473,Terminated,2024-10-29
DF-100184,DE93001288,Customer Success,L4 - Lead,Berlin,2024-02-02,23,1.0,DF-100453,Terminated,2025-11-08
DF-100171,DE93001197,Customer Success,L2 - Mid,Hamburg,2023-01-03,36,4.0,DF-100184,Active,
DF-100594,DE93004158,Support,L6 - Director,Remote-DE,2024-07-03,18,3.0,DF-100343,Terminated,2025-07-22
DF-100540,DE93003780,Operations,L2 - Mid,Hamburg,2023-03-05,34,3.0,DF-100156,Active,
DF-100592,DE93004144,Data & Analytics,L3 - Senior,Remote-DE,2021-08-04,53,4.0,DF-100088,Active,
DF-100422,DE93002954,Data & Analytics,L3 - Senior,Berlin,2013-02-06,155,4.0,DF-100017,Terminated,2025-10-30
DF-100091,DE93000637,Marketing,L2 - Mid,Remote-DE,2021-03-05,58,3.0,DF-100291,Active,
DF-100439,DE93003073,Sales,L2 - Mid,Munich,2024-02-02,23,,DF-100235,Active,
DF-100370,DE93002590,Sales,L2 - Mid,Hamburg,2022-06-04,43,3.0,DF-100248,Active,
DF-100585,DE93004095,People/HR,L1 - Junior,London,2025-04-03,9,3.0,DF-100129,Active,
DF-100125,DE93000875,Operations,L1 - Junior,Lisbon,2022-05-05,44,3.0,DF-100156,Terminated,2024-10-28
DF-100659,DE93004613,Finance,L2 - Mid,Munich,2021-06-04,55,2.0,DF-100120,Active,
DF-100315,DE93002205,Product,L3 - Senior,London,2024-10-02,15,3.0,DF-100352,Active,
DF-100376,DE93002632,Data & Analytics,L3 - Senior,Hamburg,2024-07-03,18,4.0,DF-100546,Active,
DF-100012,DE93000084,Support,L1 - Junior,Lisbon,2016-11-05,110,3.0,DF-100578,Active,
DF-100603,DE93004221,Marketing,L1 - Junior,Hamburg,2022-08-04,41,3.0,DF-100313,Active,
DF-100440,DE93003080,Marketing,L3 - Senior,London,2025-11-02,2,4.0,DF-100265,Active,
DF-100679,DE93004753,Operations,L6 - Director,Berlin,2022-10-04,39,4.0,DF-100612,Active,
DF-100491,DE93003437,Operations,L2 - Mid,Munich,2021-01-03,60,4.0,DF-100458,Active,
DF-100238,DE93001666,Finance,L3 - Senior,Hamburg,2024-04-03,21,4.0,DF-100536,Active,
DF-100114,DE93000798,Operations,L5 - Manager,Hamburg,2024-08-03,17,3.0,DF-100356,Active,
DF-100541,DE93003787,Engineering,L1 - Junior,Munich,2022-12-04,37,3.0,DF-100188,Active,
DF-100309,DE93002163,Sales,L2 - Mid,Lisbon,2021-11-03,50,5.0,DF-100034,Terminated,2025-08-02
DF-100143,DE93001001,Finance,L2 - Mid,London,2025-10-02,3,4.0,DF-100096,Terminated,2025-12-16
DF-100437,DE93003059,Data & Analytics,L2 - Mid,Lisbon,2022-08-04,41,4.0,DF-100233,Active,
DF-100014,DE93000098,Data & Analytics,L3 - Senior,Remote-DE,2025-01-02,12,4.0,DF-100545,Active,
DF-100640,DE93004480,Customer Success,L2 - Mid,London,2024-03-04,22,3.0,DF-100349,Active,
DF-100054,DE93000378,Support,L5 - Manager,Lisbon,2025-03-03,10,3.0,DF-100296,Active,
DF-100208,DE93001456,Support,L1 - Junior,Munich,2020-02-04,71,2.0,DF-100578,Active,
DF-100344,DE93002408,Support,L1 - Junior,London,2025-03-03,10,5.0,DF-100246,Active,
DF-100131,DE93000917,Customer Success,L2 - Mid,Berlin,2024-06-03,19,4.0,DF-100349,Terminated,2025-06-03
DF-100380,DE93002660,Engineering,L2 - Mid,Lisbon,2022-08-04,41,3.0,DF-100132,Terminated,2024-10-09
DF-100174,DE93001218,Operations,L2 - Mid,Munich,2024-05-03,20,2.0,DF-100152,Active,
DF-100651,DE93004557,Operations,L3 - Senior,Munich,2022-11-03,38,5.0,DF-100114,Active,
DF-100191,DE93001337,Operations,L3 - Senior,Munich,2024-03-04,22,3.0,DF-100427,Active,
DF-100270,DE93001890,Operations,L3 - Senior,Remote-DE,2023-05-05,32,4.0,DF-100427,Active,
DF-100407,DE93002849,Engineering,L3 - Senior,Lisbon,2022-10-04,39,3.0,DF-100052,Active,
DF-100448,DE93003136,Support,L2 - Mid,Lisbon,2022-11-03,38,4.0,DF-100103,Active,
DF-100123,DE93000861,Operations,L5 - Manager,Munich,2023-10-04,27,4.0,DF-100356,Active,
DF-100138,DE93000966,Sales,L1 - Junior,London,2023-08-04,29,1.0,DF-100248,Active,
DF-100622,DE93004354,Operations,L2 - Mid,Munich,2024-07-03,18,4.0,DF-100114,Active,
DF-100051,DE93000357,People/HR,L2 - Mid,Berlin,2022-07-05,42,3.0,DF-100129,Active,
DF-100220,DE93001540,Marketing,L2 - Mid,Hamburg,2023-04-04,33,4.0,DF-100419,Active,
DF-100112,DE93000784,Engineering,L2 - Mid,Hamburg,2024-04-03,21,3.0,DF-100581,Active,
DF-100265,DE93001855,Marketing,L4 - Lead,Remote-DE,2017-08-06,101,3.0,DF-100433,Active,
DF-100486,DE93003402,Product,L4 - Lead,London,2021-08-04,53,1.0,DF-100470,Active,
DF-100272,DE93001904,Support,L1 - Junior,Munich,2018-06-06,91,3.0,DF-100578,Terminated,2024-09-29
DF-100342,DE93002394,Sales,L2 - Mid,Hamburg,2024-05-03,20,4.0,DF-100095,Active,
DF-100256,DE93001792,Engineering,L1 - Junior,Munich,2025-05-03,8,2.0,DF-100558,Active,
DF-100182,DE93001274,Operations,L6 - Director,Munich,2023-06-04,31,3.0,DF-100156,Active,
DF-100105,DE93000735,Product,L1 - Junior,London,2024-04-03,21,5.0,DF-100040,Active,
DF-100300,DE93002100,Product,L2 - Mid,Lisbon,2023-05-05,32,3.0,DF-100646,Active,
DF-100669,DE93004683,Product,L1 - Junior,Lisbon,2018-06-06,91,3.0,DF-100075,Active,
DF-100516,DE93003612,Customer Success,L3 - Senior,Munich,2025-05-03,8,4.0,DF-100109,Active,
DF-100240,DE93001680,Customer Success,L2 - Mid,London,2018-05-07,92,3.0,DF-100617,Active,
DF-100230,DE93001610,Customer Success,L2 - Mid,London,2024-09-02,16,5.0,DF-100349,Terminated,2025-07-16
DF-100153,DE93001071,Support,L2 - Mid,Munich,2023-07-04,30,4.0,DF-100405,Terminated,2025-12-05
DF-100326,DE93002282,Product,L2 - Mid,Lisbon,2022-11-03,38,3.0,DF-100102,Active,
DF-100205,DE93001435,Sales,L2 - Mid,Berlin,2024-08-03,17,3.0,DF-100095,Active,
DF-100499,DE93003493,Support,L2 - Mid,Berlin,2021-12-04,49,5.0,DF-100405,Active,
DF-100294,DE93002058,Operations,L2 - Mid,Hamburg,2018-11-05,86,3.0,DF-100611,Terminated,2024-12-08
DF-100150,DE93001050,Finance,L5 - Manager,Hamburg,2025-06-03,7,5.0,DF-100643,Active,
DF-100156,DE93001092,Operations,L5 - Manager,Lisbon,2020-07-05,66,2.0,DF-100152,Active,
DF-100163,DE93001141,Data & Analytics,L1 - Junior,Munich,2023-11-03,26,3.0,DF-100548,Active,
DF-100167,DE93001169,Customer Success,L2 - Mid,Berlin,2024-10-02,15,4.0,DF-100126,Terminated,2025-12-16
DF-100449,DE93003143,Engineering,L1 - Junior,Lisbon,2020-01-05,72,4.0,DF-100581,Active,
DF-100206,DE93001442,Product,L3 - Senior,Berlin,2021-10-04,51,3.0,DF-100257,Active,
DF-100188,DE93001316,Engineering,L5 - Manager,Hamburg,2023-10-04,27,3.0,DF-100523,Active,
DF-100498,DE93003486,Product,L6 - Director,Remote-DE,2022-12-04,37,5.0,DF-100352,Active,
DF-100324,DE93002268,Support,L1 - Junior,London,2023-09-03,28,2.0,DF-100594,Active,
DF-100145,DE93001015,Operations,L2 - Mid,Berlin,2023-05-05,32,3.0,DF-100156,Active,
DF-100563,DE93003941,Data & Analytics,L2 - Mid,Berlin,2023-09-03,28,2.0,DF-100147,Active,
DF-100226,DE93001582,Sales,L1 - Junior,Berlin,2021-05-05,56,4.0,DF-100122,Active,
DF-100216,DE93001512,Engineering,L3 - Senior,Remote-DE,2025-05-03,8,4.0,DF-100558,Terminated,2025-10-05
DF-100194,DE93001358,Finance,L5 - Manager,London,2022-07-05,42,2.0,DF-100536,Terminated,2025-01-06
DF-100202,DE93001414,Marketing,L4 - Lead,Lisbon,2015-12-07,121,3.0,DF-100621,Active,
DF-100298,DE93002086,Finance,L3 - Senior,London,2025-01-02,12,4.0,DF-100536,Active,
DF-100572,DE93004004,Customer Success,L1 - Junior,Remote-DE,2017-09-05,100,5.0,DF-100388,Active,
DF-100606,DE93004242,Support,L1 - Junior,Remote-DE,2023-07-04,30,4.0,DF-100343,Active,
DF-100530,DE93003710,Data & Analytics,L2 - Mid,Hamburg,2022-05-05,44,4.0,DF-100627,Active,
DF-100519,DE93003633,Customer Success,L1 - Junior,Remote-DE,2021-02-03,59,4.0,DF-100626,Active,
DF-100500,DE93003500,Sales,L2 - Mid,Berlin,2024-02-02,23,4.0,DF-100248,Active,
DF-100389,DE93002723,Marketing,L1 - Junior,Berlin,2021-02-03,59,3.0,DF-100331,Active,
DF-100547,DE93003829,Sales,L1 - Junior,Hamburg,2021-12-04,49,3.0,DF-100034,Active,
DF-100175,DE93001225,Marketing,L4 - Lead,Berlin,2024-11-02,14,3.0,DF-100202,Terminated,2025-07-11
DF-100610,DE93004270,People/HR,L3 - Senior,Remote-DE,2024-07-03,18,4.0,DF-100026,Terminated,2025-10-08
DF-100094,DE93000658,Support,L1 - Junior,Remote-DE,2024-03-04,22,4.0,DF-100353,Active,
DF-100229,DE93001603,Support,L3 - Senior,Lisbon,2021-08-04,53,3.0,DF-100255,Terminated,2024-09-27
DF-100496,DE93003472,Product,L3 - Senior,Lisbon,2023-01-03,36,3.0,DF-100352,Terminated,2025-07-15
DF-100280,DE93001960,Support,L3 - Senior,Remote-DE,2025-07-03,6,3.0,DF-100103,Terminated,2025-12-11
DF-100524,DE93003668,Sales,L4 - Lead,Remote-DE,2023-12-03,25,3.0,DF-100673,Active,
DF-100403,DE93002821,Engineering,L2 - Mid,Berlin,2019-11-05,74,4.0,DF-100251,Terminated,2025-04-19
DF-100635,DE93004445,Support,L2 - Mid,Hamburg,2024-02-02,23,3.0,DF-100373,Terminated,2025-10-15
DF-100228,DE93001596,Support,L2 - Mid,Munich,2023-01-03,36,3.0,DF-100676,Active,
DF-100100,DE93000700,Support,L3 - Senior,Lisbon,2020-10-04,63,2.0,DF-100373,Active,
DF-100290,DE93002030,Engineering,L2 - Mid,Remote-DE,2024-07-03,18,3.0,DF-100188,Active,
DF-100605,DE93004235,Support,L2 - Mid,Lisbon,2024-05-03,20,3.0,DF-100322,Active,
DF-100444,DE93003108,Support,L2 - Mid,Berlin,2023-09-03,28,3.0,DF-100473,Active,
DF-100366,DE93002562,Operations,L2 - Mid,Remote-DE,2022-09-03,40,3.0,DF-100114,Active,
DF-100644,DE93004508,Customer Success,L1 - Junior,Munich,2024-02-02,23,4.0,DF-100617,Terminated,2025-07-25
DF-100053,DE93000371,Customer Success,L3 - Senior,Lisbon,2024-12-02,13,3.0,DF-100109,Active,
DF-100227,DE93001589,Operations,L2 - Mid,Remote-DE,2022-03-05,46,3.0,DF-100182,Active,
DF-100391,DE93002737,Data & Analytics,L2 - Mid,London,2018-03-07,94,3.0,DF-100613,Active,
DF-100656,DE93004592,Customer Success,L2 - Mid,Lisbon,2025-04-03,9,1.0,DF-100626,Active,
DF-100678,DE93004746,Sales,L2 - Mid,Lisbon,2022-10-04,39,4.0,DF-100350,Active,
DF-100154,DE93001078,Marketing,L4 - Lead,Munich,2025-07-03,6,4.0,DF-100079,Active,
DF-100251,DE93001757,Engineering,L5 - Manager,Lisbon,2024-06-03,19,3.0,DF-100052,Active,
DF-100275,DE93001925,Operations,L4 - Lead,Lisbon,2022-05-05,44,5.0,DF-100611,Active,
DF-100662,DE93004634,Support,L1 - Junior,London,2022-06-04,43,3.0,DF-100103,Terminated,2025-03-02
DF-100475,DE93003325,Sales,L2 - Mid,Munich,2023-09-03,28,3.0,DF-100034,Active,
DF-100158,DE93001106,Customer Success,L1 - Junior,London,2022-02-03,47,2.0,DF-100626,Active,
DF-100271,DE93001897,Operations,L2 - Mid,Remote-DE,2018-10-06,87,3.0,DF-100490,Active,
DF-100044,DE93000308,Customer Success,L3 - Senior,Lisbon,2024-08-03,17,4.0,DF-100126,Terminated,2025-11-09
DF-100668,DE93004676,Customer Success,L1 - Junior,Berlin,2022-12-04,37,1.0,DF-100109,Terminated,2024-08-22
DF-100663,DE93004641,Engineering,L1 - Junior,Munich,2022-03-05,46,5.0,DF-100251,Active,
DF-100113,DE93000791,Support,L1 - Junior,Hamburg,2024-11-02,14,4.0,DF-100353,Active,
DF-100024,DE93000168,Product,L1 - Junior,Remote-DE,2023-03-05,34,3.0,DF-100528,Active,
DF-100211,DE93001477,Sales,L2 - Mid,Hamburg,2019-01-05,84,3.0,DF-100095,Active,
DF-100108,DE93000756,Sales,L2 - Mid,Remote-DE,2023-11-03,26,3.0,DF-100034,Active,
DF-100320,DE93002240,Finance,L2 - Mid,London,2024-05-03,20,3.0,DF-100536,Active,
DF-100169,DE93001183,Support,L1 - Junior,London,2024-12-02,13,1.0,DF-100322,Terminated,2025-08-12
DF-100079,DE93000553,Marketing,L4 - Lead,Hamburg,2024-04-03,21,5.0,DF-100621,Terminated,2025-12-05
DF-100050,DE93000350,Engineering,L2 - Mid,Berlin,2022-08-04,41,4.0,DF-100346,Active,
DF-100528,DE93003696,Product,L5 - Manager,Munich,2019-08-06,77,3.0,DF-100075,Active,
DF-100084,DE93000588,Sales,L2 - Mid,Hamburg,2023-01-03,36,3.0,DF-100235,Active,
DF-100008,DE93000056,Product,L3 - Senior,Berlin,2025-07-03,6,5.0,DF-100528,Active,
DF-100032,DE93000224,Engineering,L1 - Junior,Remote-DE,2020-06-05,67,3.0,DF-100558,Terminated,2024-07-22
DF-100099,DE93000693,Product,L3 - Senior,Hamburg,2025-05-03,8,3.0,DF-100486,Active,
DF-100109,DE93000763,Customer Success,L5 - Manager,Munich,2024-10-02,15,3.0,DF-100178,Active,
DF-100136,DE93000952,Product,L2 - Mid,Remote-DE,2025-01-02,12,3.0,DF-100486,Active,
DF-100330,DE93002310,People/HR,L1 - Junior,Remote-DE,2023-10-04,27,4.0,DF-100564,Active,
DF-100222,DE93001554,Finance,L2 - Mid,Munich,2024-03-04,22,3.0,DF-100096,Active,
DF-100028,DE93000196,Support,L2 - Mid,Lisbon,2022-04-04,45,3.0,DF-100676,Active,
DF-100287,DE93002009,Marketing,L1 - Junior,London,2024-05-03,20,2.0,DF-100079,Active,
DF-100055,DE93000385,Operations,L2 - Mid,London,2022-01-03,48,2.0,DF-100490,Terminated,2024-08-24
DF-100597,DE93004179,Finance,L1 - Junior,Hamburg,2021-06-04,55,4.0,DF-100536,Active,
DF-100609,DE93004263,Support,L1 - Junior,Munich,2024-12-02,13,1.0,DF-100676,Terminated,2025-07-28
DF-100048,DE93000336,Customer Success,L2 - Mid,Munich,2023-12-03,25,3.0,DF-100453,Active,
DF-100665,DE93004655,Finance,L3 - Senior,Munich,2021-10-04,51,4.0,DF-100368,Active,
DF-100477,DE93003339,Sales,L1 - Junior,Lisbon,2025-09-02,4,5.0,DF-100673,Active,
DF-100063,DE93000441,Support,L1 - Junior,Remote-DE,2020-11-04,62,3.0,DF-100296,Active,
DF-100413,DE93002891,Engineering,L3 - Senior,London,2023-02-02,35,4.0,DF-100251,Active,
DF-100384,DE93002688,Operations,L2 - Mid,Munich,2023-12-03,25,3.0,DF-100458,Active,
DF-100601,DE93004207,Data & Analytics,L3 - Senior,Remote-DE,2021-11-03,50,4.0,DF-100545,Active,
DF-100322,DE93002254,Support,L4 - Lead,Remote-DE,2022-03-05,46,3.0,DF-100676,Active,
DF-100451,DE93003157,Sales,L2 - Mid,Munich,2022-09-03,40,3.0,DF-100095,Active,
DF-100234,DE93001638,Support,L2 - Mid,Berlin,2024-11-02,14,,DF-100473,Active,
DF-100462,DE93003234,Product,L1 - Junior,Munich,2024-01-03,24,2.0,DF-100352,Active,
DF-100424,DE93002968,Customer Success,L2 - Mid,Berlin,2018-11-05,86,3.0,DF-100617,Terminated,2024-09-07
DF-100596,DE93004172,Customer Success,L2 - Mid,Remote-DE,2024-06-03,19,4.0,DF-100453,Active,
DF-100303,DE93002121,Finance,L2 - Mid,Lisbon,2023-03-05,34,2.0,DF-100643,Active,
DF-100598,DE93004186,Customer Success,L1 - Junior,Hamburg,2020-03-05,70,3.0,DF-100184,Active,
DF-100219,DE93001533,Support,L1 - Junior,Remote-DE,2019-06-06,79,4.0,DF-100296,Terminated,2025-04-25
DF-100591,DE93004137,People/HR,L1 - Junior,Hamburg,2024-06-03,19,4.0,DF-100072,Active,
DF-100296,DE93002072,Support,L4 - Lead,Berlin,2020-10-04,63,3.0,DF-100373,Terminated,2024-09-15
DF-100021,DE93000147,Customer Success,L3 - Senior,Munich,2025-10-02,3,3.0,DF-100109,Active,
DF-100420,DE93002940,Sales,L1 - Junior,Hamburg,2021-06-04,55,3.0,DF-100350,Active,
DF-100325,DE93002275,Marketing,L2 - Mid,Hamburg,2025-01-02,12,2.0,DF-100079,Active,
DF-100199,DE93001393,Customer Success,L2 - Mid,Munich,2025-08-02,5,3.0,DF-100617,Active,
DF-100450,DE93003150,Data & Analytics,L1 - Junior,Hamburg,2020-04-05,69,3.0,DF-100442,Terminated,2025-07-19
DF-100137,DE93000959,Sales,L1 - Junior,Berlin,2016-11-05,110,3.0,DF-100524,Terminated,2024-09-14
DF-100536,DE93003752,Finance,L4 - Lead,London,2025-06-03,7,4.0,DF-100120,Active,
DF-100212,DE93001484,Product,L1 - Junior,Munich,2020-07-05,66,3.0,DF-100479,Active,
DF-100655,DE93004585,Sales,L1 - Junior,Lisbon,2022-09-03,40,5.0,DF-100034,Active,
DF-100634,DE93004438,Data & Analytics,L2 - Mid,Hamburg,2023-05-05,32,2.0,DF-100613,Active,
DF-100623,DE93004361,Finance,L2 - Mid,Hamburg,2021-11-03,50,5.0,DF-100536,Active,
DF-100505,DE93003535,Data & Analytics,L1 - Junior,Lisbon,2022-03-05,46,3.0,DF-100627,Active,
DF-100551,DE93003857,Sales,L3 - Senior,Lisbon,2021-02-03,59,3.0,DF-100248,Active,
DF-100231,DE93001617,Sales,L3 - Senior,Berlin,2016-10-06,111,5.0,DF-100367,Terminated,2025-11-08
DF-100405,DE93002835,Support,L4 - Lead,Munich,2021-03-05,58,5.0,DF-100103,Active,
DF-100317,DE93002219,Finance,L2 - Mid,Lisbon,2023-03-05,34,4.0,DF-100096,Terminated,2025-02-19
DF-100183,DE93001281,Operations,L2 - Mid,Munich,2021-11-03,50,3.0,DF-100356,Active,
DF-100578,DE93004046,Support,L6 - Director,Remote-DE,2017-11-05,98,4.0,DF-100353,Terminated,2025-01-04
DF-100576,DE93004032,Customer Success,L3 - Senior,London,2023-01-03,36,4.0,DF-100109,Active,
DF-100485,DE93003395,Support,L2 - Mid,Berlin,2021-07-05,54,2.0,DF-100343,Active,
DF-100278,DE93001946,Customer Success,L1 - Junior,Munich,2025-01-02,12,2.0,DF-100388,Terminated,2025-08-31
DF-100020,DE93000140,Operations,L1 - Junior,Remote-DE,2022-10-04,39,4.0,DF-100679,Terminated,2025-07-23
DF-100170,DE93001190,Product,L5 - Manager,Berlin,2024-05-03,20,3.0,DF-100030,Active,
DF-100401,DE93002807,Operations,L1 - Junior,Hamburg,2025-01-02,12,,DF-100156,Terminated,2025-09-22
DF-100626,DE93004382,Customer Success,L4 - Lead,Berlin,2022-07-05,42,4.0,DF-100178,Active,
DF-100176,DE93001232,Operations,L3 - Senior,Munich,2024-06-03,19,4.0,DF-100123,Active,
DF-100327,DE93002289,Product,L2 - Mid,Remote-DE,2024-08-03,17,4.0,DF-100531,Terminated,2025-09-04
DF-100198,DE93001386,Marketing,L1 - Junior,Munich,2025-07-03,6,3.0,DF-100154,Active,
DF-100470,DE93003290,Product,L4 - Lead,Hamburg,2023-01-03,36,4.0,DF-100023,Active,
DF-100581,DE93004067,Engineering,L5 - Manager,Munich,2023-09-03,28,3.0,DF-100052,Active,
DF-100266,DE93001862,Support,L3 - Senior,London,2025-03-03,10,2.0,DF-100296,Active,
DF-100492,DE93003444,Support,L1 - Junior,Berlin,2025-02-01,11,4.0,DF-100322,Active,
DF-100130,DE93000910,Sales,L3 - Senior,Remote-DE,2021-06-04,55,3.0,DF-100248,Active,
DF-100338,DE93002366,Sales,L3 - Senior,Hamburg,2021-11-03,50,3.0,DF-100034,Active,
DF-100574,DE93004018,Engineering,L1 - Junior,Hamburg,2022-06-04,43,3.0,DF-100052,Active,
DF-100489,DE93003423,Data & Analytics,L3 - Senior,Munich,2024-08-03,17,5.0,DF-100548,Active,
DF-100193,DE93001351,Customer Success,L2 - Mid,Hamburg,2024-03-04,22,5.0,DF-100349,Terminated,2025-05-12
DF-100140,DE93000980,People/HR,L4 - Lead,Hamburg,2023-09-03,28,3.0,DF-100418,Terminated,2025-10-20
DF-100416,DE93002912,Engineering,L2 - Mid,Munich,2018-06-06,91,3.0,DF-100188,Active,
DF-100476,DE93003332,Sales,L3 - Senior,Remote-DE,2022-06-04,43,3.0,DF-100122,Active,
DF-100152,DE93001064,Operations,L4 - Lead,Hamburg,2022-06-04,43,4.0,DF-100458,Active,
DF-100607,DE93004249,Support,L2 - Mid,London,2023-12-03,25,5.0,DF-100255,Active,
DF-100010,DE93000070,Sales,L2 - Mid,Munich,2022-10-04,39,2.0,DF-100615,Active,
DF-100269,DE93001883,Support,L2 - Mid,Munich,2023-05-05,32,3.0,DF-100041,Active,
DF-100096,DE93000672,Finance,L6 - Director,Remote-DE,2025-04-03,9,3.0,DF-100536,Terminated,2025-09-07
DF-100210,DE93001470,Finance,L1 - Junior,Berlin,2023-11-03,26,3.0,DF-100513,Active,
DF-100672,DE93004704,Product,L1 - Junior,Hamburg,2021-12-04,49,2.0,DF-100257,Active,
DF-100569,DE93003983,People/HR,L1 - Junior,Lisbon,2023-11-03,26,4.0,DF-100436,Terminated,2025-11-14
DF-100548,DE93003836,Data & Analytics,L5 - Manager,Munich,2022-10-04,39,4.0,DF-100545,Active,
DF-100641,DE93004487,Marketing,L3 - Senior,Hamburg,2024-09-02,16,4.0,DF-100154,Active,
DF-100532,DE93003724,Engineering,L2 - Mid,Remote-DE,2025-03-03,10,3.0,DF-100052,Active,
DF-100643,DE93004501,Finance,L5 - Manager,Munich,2021-05-05,56,3.0,DF-100120,Active,
DF-100332,DE93002324,People/HR,L2 - Mid,London,2018-04-06,93,4.0,DF-100129,Active,
DF-100075,DE93000525,Product,L5 - Manager,Munich,2025-08-02,5,4.0,DF-100479,Active,
DF-100077,DE93000539,Operations,L2 - Mid,Remote-DE,2010-05-10,188,5.0,DF-100679,Active,
DF-100263,DE93001841,Product,L1 - Junior,Hamburg,2025-02-01,11,3.0,DF-100526,Active,
DF-100149,DE93001043,People/HR,L2 - Mid,Remote-DE,2025-05-03,8,3.0,DF-100564,Terminated,2025-10-26
DF-100632,DE93004424,Customer Success,L3 - Senior,Berlin,2024-07-03,18,3.0,DF-100388,Terminated,2025-10-26
DF-100514,DE93003598,Marketing,L1 - Junior,Remote-DE,2024-02-02,23,3.0,DF-100600,Active,
DF-100638,DE93004466,Product,L2 - Mid,Remote-DE,2014-12-07,133,4.0,DF-100531,Active,
DF-100469,DE93003283,Engineering,L1 - Junior,London,2024-03-04,22,4.0,DF-100558,Active,
DF-100564,DE93003948,People/HR,L5 - Manager,Munich,2018-07-06,90,3.0,DF-100436,Active,
DF-100461,DE93003227,Product,L2 - Mid,Remote-DE,2020-12-04,61,2.0,DF-100646,Active,
DF-100253,DE93001771,Data & Analytics,L3 - Senior,Hamburg,2023-05-05,32,4.0,DF-100442,Active,
DF-100369,DE93002583,Sales,L2 - Mid,Berlin,2024-10-02,15,1.0,DF-100095,Terminated,2025-07-10
DF-100321,DE93002247,Product,L2 - Mid,Hamburg,2025-06-03,7,3.0,DF-100257,Terminated,2025-09-26
DF-100151,DE93001057,Operations,L2 - Mid,Remote-DE,2022-10-04,39,3.0,DF-100679,Active,
DF-100302,DE93002114,Product,L3 - Senior,Lisbon,2021-05-05,56,2.0,DF-100498,Active,
DF-100190,DE93001330,Sales,L3 - Senior,London,2023-02-02,35,2.0,DF-100095,Active,
DF-100586,DE93004102,Sales,L1 - Junior,Lisbon,2023-03-05,34,3.0,DF-100122,Active,
DF-100348,DE93002436,Product,L1 - Junior,London,2024-07-03,18,3.0,DF-100102,Terminated,2025-05-20
DF-100243,DE93001701,Data & Analytics,L2 - Mid,Munich,2025-07-03,6,3.0,DF-100548,Active,
DF-100087,DE93000609,Marketing,L2 - Mid,Munich,2019-06-06,79,4.0,DF-100331,Terminated,2024-08-14
DF-100619,DE93004333,Data & Analytics,L5 - Manager,Hamburg,2021-01-03,60,5.0,DF-100546,Active,
DF-100418,DE93002926,People/HR,L5 - Manager,Munich,2022-04-04,45,3.0,DF-100436,Active,
DF-100288,DE93002016,Product,L1 - Junior,Lisbon,2022-07-05,42,2.0,DF-100023,Active,
DF-100166,DE93001162,Data & Analytics,L2 - Mid,London,2024-09-02,16,3.0,DF-100619,Active,
DF-100595,DE93004165,People/HR,L1 - Junior,London,2015-10-07,123,3.0,DF-100026,Terminated,2025-12-06
DF-100636,DE93004452,Marketing,L1 - Junior,Remote-DE,2017-01-05,108,3.0,DF-100419,Terminated,2025-11-30
DF-100155,DE93001085,Marketing,L2 - Mid,Berlin,2023-08-04,29,2.0,DF-100579,Active,
DF-100356,DE93002492,Operations,L6 - Director,Lisbon,2025-05-03,8,3.0,DF-100490,Active,
DF-100381,DE93002667,Finance,L3 - Senior,London,2022-05-05,44,4.0,DF-100536,Active,
DF-100279,DE93001953,Marketing,L3 - Senior,London,2022-09-03,40,4.0,DF-100600,Active,
DF-100126,DE93000882,Customer Success,L4 - Lead,Lisbon,2023-08-04,29,2.0,DF-100626,Terminated,2025-03-22
DF-100022,DE93000154,Sales,L3 - Senior,Lisbon,2024-12-02,13,4.0,DF-100122,Active,
DF-100616,DE93004312,Data & Analytics,L1 - Junior,Munich,2025-07-03,6,3.0,DF-100147,Active,
DF-100282,DE93001974,Product,L1 - Junior,Remote-DE,2021-11-03,50,3.0,DF-100102,Active,
DF-100471,DE93003297,People/HR,L2 - Mid,London,2024-05-03,20,3.0,DF-100418,Active,
DF-100367,DE93002569,Sales,L4 - Lead,London,2025-03-03,10,5.0,DF-100095,Active,
DF-100025,DE93000175,Data & Analytics,L1 - Junior,Remote-DE,2020-01-05,72,4.0,DF-100613,Active,
DF-100196,DE93001372,People/HR,L1 - Junior,Hamburg,2024-03-04,22,5.0,DF-100072,Active,
DF-100064,DE93000448,Engineering,L2 - Mid,Berlin,2023-05-05,32,3.0,DF-100188,Active,
DF-100015,DE93000105,Finance,L2 - Mid,Lisbon,2024-06-03,19,5.0,DF-100150,Active,
DF-100466,DE93003262,Sales,L1 - Junior,Munich,2018-07-06,90,3.0,DF-100122,Active,
DF-100297,DE93002079,Sales,L2 - Mid,Lisbon,2024-03-04,22,4.0,DF-100095,Active,
DF-100621,DE93004347,Marketing,L4 - Lead,Remote-DE,2025-01-02,12,3.0,DF-100579,Active,
DF-100336,DE93002352,Customer Success,L2 - Mid,Remote-DE,2022-09-03,40,4.0,DF-100349,Active,
DF-100026,DE93000182,People/HR,L6 - Director,London,2023-06-04,31,3.0,DF-100418,Active,
DF-100588,DE93004116,Customer Success,L1 - Junior,Munich,2023-05-05,32,5.0,DF-100109,Terminated,2025-11-06
DF-100043,DE93000301,Support,L2 - Mid,Remote-DE,2023-12-03,25,3.0,DF-100373,Terminated,2025-07-31
DF-100497,DE93003479,Operations,L1 - Junior,Remote-DE,2022-07-05,42,3.0,DF-100679,Terminated,2025-11-24
DF-100515,DE93003605,Sales,L3 - Senior,Hamburg,2025-11-02,2,4.0,DF-100034,Active,
DF-100650,DE93004550,Marketing,L3 - Senior,Hamburg,2021-12-04,49,5.0,DF-100079,Active,
DF-100561,DE93003927,Marketing,L1 - Junior,London,2025-05-03,8,3.0,DF-100175,Terminated,2025-12-11
DF-100454,DE93003178,Operations,L2 - Mid,London,2022-07-05,42,5.0,DF-100156,Terminated,2025-03-01
DF-100387,DE93002709,Engineering,L1 - Junior,Munich,2024-09-02,16,4.0,DF-100132,Terminated,2025-05-22
DF-100071,DE93000497,Product,L1 - Junior,Remote-DE,2023-05-05,32,2.0,DF-100531,Active,
DF-100542,DE93003794,People/HR,L2 - Mid,Hamburg,2021-11-03,50,3.0,DF-100564,Active,
DF-100456,DE93003192,Product,L2 - Mid,Berlin,2023-05-05,32,,DF-100352,Active,
DF-100633,DE93004431,Support,L3 - Senior,Remote-DE,2016-03-07,118,4.0,DF-100373,Terminated,2024-07-12
DF-100431,DE93003017,Operations,L3 - Senior,Hamburg,2023-12-03,25,2.0,DF-100156,Active,
DF-100627,DE93004389,Data & Analytics,L5 - Manager,Hamburg,2019-10-05,75,4.0,DF-100619,Active,
DF-100264,DE93001848,Data & Analytics,L2 - Mid,Munich,2020-03-05,70,4.0,DF-100036,Active,
DF-100209,DE93001463,Engineering,L1 - Junior,Lisbon,2024-03-04,22,2.0,DF-100581,Active,
DF-100316,DE93002212,Sales,L2 - Mid,Berlin,2019-03-07,82,3.0,DF-100367,Active,
DF-100513,DE93003591,Finance,L4 - Lead,Remote-DE,2019-02-04,83,4.0,DF-100120,Active,
DF-100313,DE93002191,Marketing,L6 - Director,Lisbon,2022-01-03,48,4.0,DF-100154,Active,
DF-100534,DE93003738,Data & Analytics,L3 - Senior,Hamburg,2022-03-05,46,3.0,DF-100442,Active,
DF-100319,DE93002233,Data & Analytics,L3 - Senior,Munich,2019-08-06,77,3.0,DF-100442,Active,
DF-100007,DE93000049,Finance,L3 - Senior,Berlin,2023-12-03,25,3.0,DF-100150,Terminated,2025-06-19
DF-100393,DE93002751,Customer Success,L3 - Senior,Lisbon,2016-06-06,115,3.0,DF-100109,Active,
DF-100141,DE93000987,Data & Analytics,L1 - Junior,Lisbon,2024-07-03,18,5.0,DF-100147,Terminated,2025-10-16
DF-100086,DE93000602,Engineering,L1 - Junior,Lisbon,2022-08-04,41,4.0,DF-100188,Active,
DF-100478,DE93003346,Marketing,L3 - Senior,Remote-DE,2024-04-03,21,2.0,DF-100419,Active,
DF-100503,DE93003521,Sales,L1 - Junior,Berlin,2023-02-02,35,3.0,DF-100034,Active,
DF-100215,DE93001505,Engineering,L1 - Junior,Berlin,2023-09-03,28,4.0,DF-100523,Active,
DF-100580,DE93004060,People/HR,L1 - Junior,Berlin,2022-06-04,43,4.0,DF-100564,Terminated,2025-05-25
DF-100562,DE93003934,People/HR,L3 - Senior,Lisbon,2020-11-04,62,5.0,DF-100658,Active,
DF-100398,DE93002786,Finance,L2 - Mid,Berlin,2022-07-05,42,3.0,DF-100536,Active,
DF-100490,DE93003430,Operations,L4 - Lead,Munich,2022-08-04,41,3.0,DF-100182,Active,
DF-100252,DE93001764,Finance,L3 - Senior,Remote-DE,2021-12-04,49,3.0,DF-100194,Active,
DF-100468,DE93003276,Product,L2 - Mid,Hamburg,2023-06-04,31,3.0,DF-100498,Active,
DF-100357,DE93002499,Product,L3 - Senior,Hamburg,2025-03-03,10,4.0,DF-100102,Active,
DF-100254,DE93001778,Operations,L3 - Senior,Berlin,2021-12-04,49,3.0,DF-100002,Active,
DF-100276,DE93001932,Data & Analytics,L5 - Manager,London,2022-06-04,43,3.0,DF-100442,Active,
DF-100178,DE93001246,Customer Success,L4 - Lead,Berlin,2022-12-04,37,4.0,DF-100035,Active,
DF-100281,DE93001967,Engineering,L1 - Junior,Lisbon,2022-12-04,37,2.0,DF-100132,Terminated,2025-05-25
DF-100390,DE93002730,Engineering,L2 - Mid,Munich,2022-05-05,44,3.0,DF-100558,Active,
DF-100508,DE93003556,Data & Analytics,L3 - Senior,Lisbon,2025-03-03,10,5.0,DF-100276,Active,
DF-100583,DE93004081,Customer Success,L1 - Junior,Hamburg,2018-07-06,90,3.0,DF-100184,Terminated,2025-04-13
DF-100129,DE93000903,People/HR,L5 - Manager,Hamburg,2020-10-04,63,3.0,DF-100418,Active,
DF-100144,DE93001008,Engineering,L2 - Mid,Remote-DE,2024-02-02,23,4.0,DF-100558,Active,
DF-100645,DE93004515,Marketing,L1 - Junior,Munich,2022-12-04,37,3.0,DF-100600,Active,
DF-100072,DE93000504,People/HR,L4 - Lead,Berlin,2025-02-01,11,1.0,DF-100658,Active,
DF-100235,DE93001645,Sales,L4 - Lead,Remote-DE,2016-02-06,119,3.0,DF-100615,Active,
DF-100037,DE93000259,Operations,L3 - Senior,Munich,2025-03-03,10,4.0,DF-100114,Active,
